id,status,currency,country_code
1,failed,USD,US
2,success,NGN,NG
3,abandoned,NGN,null
4,success,NGN,NG
5,abandoned,NGN,NG
6,abandoned,NGN,null
7,success,NGN,NG
8,abandoned,USD,null
9,abandoned,NGN,null
10,abandoned,NGN,null
11,success,NGN,NG
12,failed,USD,US
13,abandoned,NGN,NG
14,success,NGN,NG
15,abandoned,NGN,NG
16,success,NGN,NG
17,abandoned,NGN,null
18,abandoned,NGN,null
19,abandoned,USD,US
20,failed,USD,US
21,success,NGN,US
22,failed,NGN,GB
23,abandoned,NGN,null
24,abandoned,NGN,GH
25,failed,NGN,GB
26,success,NGN,NG
27,failed,NGN,NG
28,failed,NGN,null
29,failed,NGN,NG
30,abandoned,USD,null
31,abandoned,USD,US
32,success,NGN,NG
33,abandoned,USD,null
34,success,NGN,NG
35,abandoned,NGN,null
36,failed,NGN,NG
37,abandoned,USD,null
38,abandoned,NGN,null
39,success,USD,ZA
40,success,NGN,NG
41,abandoned,NGN,NG
42,abandoned,NGN,null
43,abandoned,NGN,null
44,success,NGN,NG
45,abandoned,NGN,null
46,abandoned,NGN,null
47,abandoned,NGN,null
48,success,NGN,GB
49,abandoned,NGN,null
50,failed,NGN,NG
51,success,NGN,NG
52,abandoned,NGN,null
53,success,NGN,GB
54,abandoned,NGN,null
55,abandoned,NGN,null
56,success,NGN,NG
57,success,NGN,NG
58,abandoned,NGN,null
59,success,NGN,NG
60,success,USD,GB
61,success,NGN,NG
62,success,NGN,NG
63,abandoned,USD,US
64,abandoned,NGN,null
65,success,NGN,NG
66,abandoned,USD,null
67,success,NGN,
68,abandoned,NGN,null
69,abandoned,NGN,null
70,success,NGN,NG
71,abandoned,NGN,null
72,abandoned,USD,null
73,abandoned,NGN,null
74,abandoned,NGN,null
75,success,NGN,NG
76,abandoned,NGN,null
77,failed,NGN,NG
78,success,NGN,NG
79,abandoned,NGN,null
80,success,NGN,NG
81,success,NGN,NG
82,abandoned,NGN,null
83,success,USD,US
84,success,NGN,NG
85,success,NGN,NG
86,abandoned,NGN,null
87,success,NGN,NG
88,failed,NGN,US
89,success,USD,US
90,abandoned,NGN,null
91,abandoned,NGN,null
92,success,NGN,NG
93,abandoned,NGN,null
94,abandoned,NGN,null
95,success,NGN,NG
96,abandoned,USD,null
97,success,NGN,NG
98,failed,NGN,NG
99,abandoned,NGN,null
100,abandoned,USD,null
101,failed,NGN,NG
102,abandoned,NGN,null
103,success,NGN,GB
104,success,USD,US
105,abandoned,NGN,null
106,success,USD,
107,abandoned,NGN,null
108,success,NGN,GB
109,abandoned,NGN,null
110,abandoned,NGN,null
111,abandoned,USD,null
112,abandoned,NGN,null
113,success,NGN,NG
114,abandoned,NGN,null
115,abandoned,NGN,null
116,success,NGN,NG
117,abandoned,NGN,null
118,abandoned,USD,null
119,abandoned,NGN,null
120,success,NGN,NG
121,abandoned,NGN,null
122,abandoned,NGN,null
123,success,NGN,NG
124,success,NGN,NG
125,success,NGN,NG
126,success,NGN,NG
127,abandoned,USD,IT
128,abandoned,USD,null
129,success,NGN,NG
130,success,NGN,US
131,success,NGN,NG
132,failed,NGN,NG
133,failed,NGN,NG
134,abandoned,NGN,null
135,success,NGN,NG
136,success,NGN,NG
137,failed,USD,US
138,abandoned,NGN,null
139,success,NGN,NG
140,success,NGN,NG
141,success,NGN,NG
142,success,NGN,NG
143,abandoned,USD,null
144,abandoned,NGN,null
145,failed,USD,US
146,reversed,NGN,NG
147,success,NGN,NG
148,abandoned,USD,null
149,abandoned,NGN,NG
150,success,NGN,NG
151,failed,NGN,NG
152,success,NGN,NG
153,abandoned,USD,null
154,success,NGN,NG
155,abandoned,NGN,null
156,failed,NGN,NG
157,success,NGN,NG
158,success,NGN,NG
159,abandoned,NGN,NG
160,success,NGN,US
161,abandoned,NGN,null
162,success,NGN,NG
163,success,USD,GB
164,abandoned,NGN,null
165,abandoned,NGN,null
166,success,NGN,NG
167,abandoned,USD,null
168,abandoned,NGN,null
169,abandoned,NGN,null
170,failed,NGN,NG
171,success,NGN,NG
172,abandoned,NGN,null
173,success,NGN,NG
174,success,NGN,NG
175,failed,NGN,US
176,abandoned,USD,null
177,success,NGN,NG
178,abandoned,NGN,null
179,abandoned,NGN,null
180,abandoned,USD,null
181,success,NGN,NG
182,failed,NGN,NG
183,success,NGN,NG
184,abandoned,NGN,null
185,abandoned,USD,null
186,abandoned,NGN,null
187,success,NGN,NG
188,abandoned,NGN,null
189,abandoned,NGN,null
190,failed,USD,US
191,abandoned,NGN,null
192,abandoned,NGN,null
193,success,NGN,NG
194,success,NGN,NG
195,abandoned,NGN,null
196,success,NGN,NG
197,failed,USD,NG
198,success,NGN,NG
199,success,USD,IE
200,success,NGN,NG
201,abandoned,NGN,null
202,abandoned,NGN,null
203,abandoned,USD,null
204,abandoned,NGN,null
205,failed,NGN,NG
206,success,USD,NG
207,success,USD,ZA
208,abandoned,NGN,null
209,success,NGN,NG
210,abandoned,NGN,null
211,abandoned,NGN,null
212,success,NGN,NG
213,success,NGN,NG
214,abandoned,NGN,null
215,failed,NGN,NG
216,abandoned,NGN,null
217,success,NGN,GB
218,abandoned,NGN,null
219,success,USD,US
220,success,NGN,NG
221,abandoned,USD,US
222,success,NGN,NG
223,success,NGN,NG
224,failed,USD,US
225,abandoned,NGN,null
226,success,NGN,NG
227,failed,USD,US
228,abandoned,USD,null
229,abandoned,NGN,NG
230,success,NGN,NG
231,abandoned,NGN,null
232,failed,NGN,CA
233,abandoned,NGN,null
234,success,NGN,NG
235,abandoned,NGN,null
236,abandoned,NGN,null
237,success,NGN,NG
238,abandoned,NGN,US
239,success,USD,GB
240,success,NGN,NG
241,abandoned,USD,US
242,abandoned,NGN,null
243,failed,NGN,NG
244,failed,USD,US
245,abandoned,NGN,NG
246,success,NGN,NG
247,success,NGN,NG
248,success,NGN,NG
249,reversed,NGN,NG
250,abandoned,NGN,null
251,success,USD,CA
252,abandoned,NGN,null
253,success,NGN,NG
254,success,NGN,NG
255,success,NGN,NG
256,success,NGN,NG
257,abandoned,USD,null
258,failed,USD,GB
259,failed,NGN,NG
260,success,NGN,NG
261,abandoned,NGN,null
262,abandoned,NGN,null
263,abandoned,USD,null
264,success,NGN,GB
265,abandoned,NGN,null
266,abandoned,NGN,null
267,failed,NGN,NG
268,success,NGN,NG
269,abandoned,NGN,null
270,abandoned,NGN,null
271,success,USD,US
272,success,NGN,NG
273,success,NGN,GB
274,success,NGN,NG
275,abandoned,NGN,null
276,failed,NGN,NG
277,success,NGN,NG
278,success,NGN,NG
279,abandoned,NGN,null
280,abandoned,USD,null
281,abandoned,NGN,null
282,abandoned,NGN,null
283,success,NGN,NG
284,abandoned,NGN,null
285,abandoned,NGN,null
286,success,NGN,NG
287,abandoned,USD,null
288,abandoned,NGN,null
289,abandoned,NGN,NG
290,abandoned,NGN,null
291,abandoned,USD,null
292,success,NGN,NG
293,abandoned,NGN,null
294,abandoned,NGN,NG
295,success,NGN,NG
296,abandoned,NGN,null
297,success,NGN,NG
298,abandoned,NGN,null
299,success,NGN,NG
300,abandoned,NGN,null
301,success,USD,GB
302,success,NGN,ZA
303,success,NGN,NG
304,abandoned,USD,null
305,abandoned,NGN,null
306,success,NGN,US
307,success,USD,
308,failed,USD,US
309,success,NGN,NG
310,abandoned,NGN,null
311,success,NGN,NG
312,success,NGN,NG
313,success,NGN,NG
314,failed,NGN,NG
315,success,NGN,NG
316,abandoned,NGN,null
317,abandoned,NGN,null
318,success,NGN,NG
319,success,NGN,NG
320,success,NGN,NG
321,abandoned,NGN,null
322,success,NGN,NG
323,success,NGN,NG
324,success,NGN,NG
325,failed,NGN,NG
326,success,NGN,NG
327,abandoned,NGN,null
328,success,NGN,NG
329,abandoned,USD,null
330,abandoned,NGN,null
331,success,USD,US
332,abandoned,NGN,null
333,failed,NGN,NG
334,abandoned,NGN,null
335,success,NGN,NG
336,abandoned,NGN,null
337,abandoned,NGN,null
338,failed,USD,US
339,success,NGN,NG
340,abandoned,NGN,null
341,abandoned,NGN,null
342,success,NGN,NG
343,success,USD,US
344,success,NGN,NG
345,success,NGN,NG
346,success,NGN,NG
347,abandoned,NGN,null
348,abandoned,NGN,null
349,abandoned,NGN,null
350,abandoned,NGN,null
351,abandoned,NGN,null
352,abandoned,NGN,null
353,success,NGN,NG
354,abandoned,USD,null
355,success,NGN,NG
356,failed,NGN,
357,failed,NGN,BD
358,success,USD,US
359,abandoned,NGN,null
360,abandoned,NGN,null
361,abandoned,NGN,null
362,failed,USD,NA
363,success,NGN,NG
364,success,NGN,NG
365,success,NGN,NG
366,abandoned,NGN,null
367,abandoned,NGN,null
368,success,NGN,NG
369,failed,NGN,NG
370,abandoned,NGN,null
371,failed,NGN,GB
372,abandoned,NGN,null
373,success,NGN,NG
374,success,NGN,NG
375,abandoned,NGN,null
376,failed,NGN,NG
377,abandoned,USD,null
378,abandoned,NGN,NG
379,abandoned,USD,null
380,abandoned,NGN,null
381,success,NGN,NG
382,success,NGN,NG
383,success,NGN,NG
384,success,NGN,NG
385,abandoned,USD,null
386,abandoned,NGN,null
387,abandoned,NGN,null
388,success,NGN,NG
389,success,NGN,NG
390,abandoned,USD,US
391,abandoned,NGN,null
392,abandoned,NGN,null
393,success,NGN,NG
394,abandoned,NGN,null
395,abandoned,NGN,null
396,abandoned,USD,null
397,success,USD,ZA
398,success,NGN,GB
399,success,NGN,NG
400,abandoned,NGN,null
401,abandoned,NGN,null
402,reversed,NGN,NG
403,success,NGN,NG
404,success,NGN,NG
405,abandoned,NGN,null
406,abandoned,NGN,null
407,success,NGN,NG
408,success,NGN,NG
409,success,NGN,NG
410,success,NGN,GB
411,reversed,NGN,NG
412,failed,NGN,CA
413,success,NGN,NG
414,failed,NGN,NG
415,abandoned,NGN,null
416,failed,NGN,NG
417,abandoned,NGN,null
418,success,NGN,NG
419,abandoned,NGN,null
420,success,NGN,NG
421,abandoned,NGN,null
422,abandoned,NGN,null
423,success,NGN,NG
424,abandoned,NGN,null
425,failed,NGN,US
426,failed,NGN,null
427,success,NGN,NG
428,abandoned,NGN,null
429,abandoned,NGN,null
430,success,NGN,NG
431,success,NGN,NG
432,success,NGN,NG
433,success,NGN,NG
434,abandoned,NGN,null
435,success,NGN,NG
436,success,USD,JP
437,success,NGN,NG
438,abandoned,NGN,null
439,abandoned,NGN,null
440,abandoned,NGN,null
441,abandoned,NGN,null
442,success,NGN,NG
443,success,NGN,NG
444,abandoned,NGN,null
445,abandoned,NGN,null
446,success,NGN,NG
447,abandoned,NGN,null
448,abandoned,USD,null
449,abandoned,NGN,null
450,reversed,USD,GB
451,abandoned,NGN,null
452,abandoned,USD,null
453,success,NGN,NG
454,abandoned,NGN,null
455,abandoned,NGN,null
456,abandoned,NGN,null
457,abandoned,NGN,null
458,success,NGN,NG
459,failed,USD,US
460,success,USD,
461,abandoned,NGN,null
462,abandoned,NGN,null
463,abandoned,NGN,null
464,abandoned,NGN,null
465,failed,NGN,NG
466,success,NGN,NG
467,failed,NGN,US
468,abandoned,USD,null
469,abandoned,NGN,null
470,success,NGN,NG
471,success,NGN,NG
472,abandoned,NGN,null
473,abandoned,NGN,null
474,abandoned,NGN,null
475,abandoned,NGN,null
476,failed,NGN,NG
477,abandoned,USD,null
478,success,NGN,NG
479,success,USD,US
480,abandoned,NGN,null
481,abandoned,NGN,null
482,failed,NGN,null
483,abandoned,NGN,null
484,success,USD,
485,abandoned,NGN,null
486,success,NGN,NG
487,success,NGN,NG
488,failed,NGN,NG
489,abandoned,NGN,null
490,abandoned,NGN,null
491,success,NGN,NG
492,failed,NGN,null
493,abandoned,NGN,NG
494,abandoned,USD,null
495,success,NGN,NG
496,abandoned,NGN,null
497,failed,NGN,NG
498,success,NGN,NG
499,abandoned,NGN,null
500,abandoned,NGN,null
501,success,NGN,NG
502,abandoned,NGN,null
503,abandoned,NGN,null
504,abandoned,NGN,null
505,success,NGN,NG
506,abandoned,USD,null
507,abandoned,NGN,null
508,failed,NGN,NG
509,abandoned,USD,null
510,success,NGN,NG
511,abandoned,NGN,null
512,success,NGN,NG
513,abandoned,NGN,null
514,failed,NGN,NG
515,abandoned,NGN,null
516,abandoned,NGN,null
517,success,NGN,NG
518,success,NGN,NG
519,success,NGN,NG
520,success,NGN,NG
521,abandoned,NGN,NG
522,failed,USD,US
523,success,NGN,NG
524,abandoned,NGN,null
525,success,NGN,NG
526,success,NGN,NG
527,success,NGN,NG
528,abandoned,NGN,null
529,success,NGN,NG
530,abandoned,NGN,null
531,abandoned,NGN,null
532,abandoned,NGN,NG
533,success,NGN,NG
534,failed,USD,US
535,failed,NGN,NG
536,success,USD,GB
537,abandoned,NGN,null
538,failed,USD,US
539,success,NGN,NG
540,success,NGN,NG
541,abandoned,NGN,null
542,abandoned,NGN,null
543,success,NGN,NG
544,success,NGN,NG
545,abandoned,NGN,null
546,reversed,NGN,NG
547,abandoned,NGN,null
548,success,NGN,NG
549,abandoned,NGN,null
550,abandoned,NGN,null
551,abandoned,USD,US
552,success,NGN,NG
553,failed,NGN,null
554,success,NGN,NG
555,abandoned,NGN,null
556,success,NGN,NG
557,abandoned,NGN,null
558,abandoned,NGN,null
559,success,USD,US
560,abandoned,NGN,null
561,success,NGN,NG
562,abandoned,NGN,null
563,failed,USD,US
564,abandoned,USD,null
565,abandoned,NGN,null
566,failed,NGN,NG
567,abandoned,NGN,null
568,success,NGN,NG
569,failed,NGN,GB
570,abandoned,USD,null
571,success,NGN,NG
572,abandoned,NGN,null
573,abandoned,USD,null
574,abandoned,NGN,null
575,success,USD,US
576,abandoned,USD,null
577,abandoned,USD,FR
578,failed,NGN,NG
579,success,NGN,GB
580,abandoned,USD,null
581,failed,NGN,NG
582,abandoned,NGN,null
583,success,NGN,NG
584,success,NGN,NG
585,abandoned,USD,null
586,abandoned,NGN,null
587,abandoned,NGN,null
588,success,NGN,NG
589,success,NGN,NG
590,success,NGN,NG
591,failed,NGN,NG
592,abandoned,NGN,null
593,success,NGN,NG
594,abandoned,NGN,NG
595,abandoned,NGN,null
596,success,NGN,NG
597,abandoned,NGN,null
598,success,NGN,NG
599,success,NGN,NG
600,abandoned,NGN,null
601,abandoned,NGN,null
602,success,NGN,NG
603,abandoned,NGN,null
604,abandoned,NGN,null
605,success,NGN,NG
606,abandoned,NGN,null
607,failed,NGN,NG
608,success,NGN,NG
609,failed,USD,US
610,success,NGN,NG
611,success,NGN,NG
612,abandoned,NGN,NG
613,abandoned,NGN,null
614,failed,NGN,NG
615,success,NGN,NG
616,success,NGN,NG
617,success,NGN,NG
618,abandoned,NGN,null
619,success,NGN,NG
620,abandoned,NGN,null
621,abandoned,NGN,null
622,abandoned,USD,GB
623,abandoned,NGN,null
624,abandoned,NGN,null
625,success,NGN,NG
626,success,NGN,NG
627,abandoned,NGN,null
628,abandoned,USD,US
629,failed,NGN,GB
630,abandoned,NGN,null
631,abandoned,NGN,null
632,abandoned,NGN,null
633,success,NGN,NG
634,abandoned,NGN,null
635,success,NGN,NG
636,abandoned,NGN,null
637,failed,NGN,NG
638,success,NGN,NG
639,success,NGN,NG
640,failed,NGN,NG
641,success,NGN,NG
642,abandoned,USD,null
643,abandoned,NGN,null
644,success,NGN,NG
645,success,NGN,NG
646,failed,NGN,NG
647,abandoned,NGN,null
648,success,NGN,NG
649,abandoned,NGN,null
650,abandoned,NGN,null
651,success,NGN,NG
652,success,NGN,NG
653,abandoned,NGN,null
654,success,NGN,NG
655,abandoned,NGN,NG
656,success,NGN,NG
657,abandoned,NGN,null
658,success,NGN,NG
659,success,NGN,NG
660,success,NGN,NG
661,success,NGN,NG
662,success,NGN,NG
663,failed,NGN,NG
664,abandoned,NGN,null
665,abandoned,USD,US
666,abandoned,NGN,null
667,success,NGN,NG
668,abandoned,NGN,null
669,failed,USD,US
670,success,NGN,NG
671,success,NGN,NG
672,success,NGN,NG
673,abandoned,NGN,null
674,success,NGN,NG
675,failed,USD,US
676,success,NGN,NG
677,success,NGN,NG
678,failed,NGN,NG
679,success,NGN,NG
680,abandoned,NGN,null
681,success,NGN,NG
682,abandoned,NGN,null
683,failed,NGN,NG
684,success,NGN,NG
685,failed,NGN,CA
686,success,NGN,NG
687,failed,NGN,NG
688,abandoned,NGN,null
689,success,NGN,NG
690,success,NGN,NG
691,abandoned,NGN,null
692,abandoned,USD,null
693,success,NGN,NG
694,success,NGN,NG
695,abandoned,NGN,null
696,success,NGN,NG
697,success,USD,UA
698,abandoned,NGN,null
699,abandoned,NGN,null
700,abandoned,NGN,NG
701,success,USD,GB
702,success,NGN,NG
703,success,NGN,NG
704,abandoned,NGN,null
705,success,NGN,NG
706,abandoned,NGN,null
707,success,NGN,NG
708,abandoned,NGN,null
709,abandoned,USD,null
710,success,NGN,NG
711,abandoned,NGN,null
712,success,NGN,NG
713,abandoned,NGN,null
714,abandoned,NGN,null
715,abandoned,NGN,null
716,success,NGN,NG
717,abandoned,NGN,null
718,success,NGN,NG
719,abandoned,NGN,null
720,success,NGN,NG
721,abandoned,NGN,null
722,reversed,NGN,NG
723,success,NGN,NG
724,failed,NGN,NG
725,abandoned,NGN,null
726,abandoned,NGN,null
727,abandoned,NGN,null
728,failed,NGN,NG
729,success,NGN,NG
730,abandoned,USD,null
731,success,NGN,NG
732,abandoned,NGN,null
733,success,NGN,NG
734,success,NGN,NG
735,abandoned,NGN,null
736,abandoned,NGN,null
737,success,NGN,NG
738,abandoned,NGN,null
739,success,NGN,NG
740,abandoned,NGN,null
741,failed,NGN,NG
742,abandoned,NGN,null
743,abandoned,NGN,null
744,success,NGN,NG
745,failed,NGN,GB
746,abandoned,NGN,null
747,abandoned,NGN,null
748,abandoned,NGN,null
749,success,USD,GB
750,abandoned,NGN,null
751,abandoned,NGN,null
752,abandoned,USD,null
753,failed,NGN,US
754,success,NGN,NG
755,abandoned,NGN,null
756,success,NGN,NG
757,success,NGN,NG
758,abandoned,NGN,null
759,success,NGN,NG
760,abandoned,USD,US
761,failed,NGN,GB
762,abandoned,NGN,null
763,failed,NGN,NG
764,failed,NGN,NG
765,abandoned,USD,null
766,abandoned,NGN,null
767,success,NGN,NG
768,abandoned,USD,US
769,success,NGN,NG
770,abandoned,NGN,null
771,abandoned,USD,US
772,success,NGN,NG
773,abandoned,NGN,null
774,abandoned,NGN,null
775,success,NGN,NG
776,success,NGN,NG
777,abandoned,NGN,null
778,success,NGN,NG
779,success,NGN,NG
780,success,NGN,NG
781,abandoned,NGN,null
782,reversed,NGN,NG
783,abandoned,NGN,null
784,success,NGN,NG
785,abandoned,NGN,null
786,failed,NGN,NG
787,abandoned,USD,null
788,abandoned,USD,null
789,abandoned,USD,null
790,success,NGN,NG
791,abandoned,NGN,null
792,success,USD,CA
793,success,NGN,NG
794,abandoned,USD,null
795,success,NGN,NG
796,success,USD,GB
797,abandoned,NGN,NG
798,abandoned,NGN,GB
799,success,NGN,NG
800,abandoned,NGN,null
801,success,NGN,NG
802,abandoned,NGN,null
803,abandoned,NGN,null
804,abandoned,NGN,null
805,abandoned,USD,US
806,success,NGN,GB
807,abandoned,NGN,null
808,abandoned,NGN,null
809,success,NGN,NG
810,success,NGN,NG
811,abandoned,NGN,NG
812,abandoned,NGN,null
813,success,NGN,NG
814,success,NGN,NG
815,abandoned,USD,null
816,abandoned,NGN,NG
817,success,NGN,NG
818,abandoned,USD,null
819,abandoned,NGN,null
820,abandoned,USD,FR
821,abandoned,NGN,null
822,success,NGN,NG
823,failed,NGN,NG
824,abandoned,NGN,null
825,abandoned,NGN,null
826,failed,USD,US
827,success,NGN,NG
828,abandoned,NGN,null
829,success,NGN,NG
830,abandoned,NGN,null
831,abandoned,NGN,null
832,success,USD,US
833,success,NGN,NG
834,abandoned,USD,US
835,abandoned,NGN,null
836,failed,NGN,NG
837,failed,NGN,NG
838,success,NGN,NG
839,success,NGN,NG
840,abandoned,USD,null
841,abandoned,NGN,null
842,abandoned,NGN,null
843,abandoned,NGN,null
844,abandoned,NGN,null
845,failed,NGN,NG
846,abandoned,NGN,null
847,success,NGN,NG
848,abandoned,NGN,null
849,success,NGN,NG
850,failed,NGN,NG
851,abandoned,NGN,null
852,success,NGN,NG
853,abandoned,NGN,null
854,success,NGN,NG
855,abandoned,USD,null
856,abandoned,NGN,null
857,failed,NGN,NG
858,failed,NGN,NG
859,success,NGN,NG
860,success,NGN,NG
861,success,NGN,NG
862,success,NGN,NG
863,abandoned,NGN,null
864,abandoned,NGN,NG
865,success,NGN,US
866,success,USD,GB
867,success,NGN,NG
868,success,NGN,NG
869,success,USD,GB
870,abandoned,USD,null
871,abandoned,NGN,null
872,abandoned,NGN,null
873,success,NGN,NG
874,failed,NGN,NG
875,abandoned,NGN,null
876,success,NGN,NG
877,abandoned,NGN,null
878,abandoned,NGN,null
879,abandoned,NGN,null
880,failed,USD,US
881,success,NGN,NG
882,success,NGN,NG
883,failed,NGN,US
884,success,NGN,NG
885,abandoned,USD,US
886,success,NGN,NG
887,success,NGN,NG
888,success,NGN,NG
889,abandoned,NGN,null
890,success,NGN,NG
891,success,USD,GB
892,success,USD,CM
893,abandoned,NGN,null
894,abandoned,NGN,null
895,abandoned,NGN,null
896,abandoned,NGN,null
897,abandoned,NGN,null
898,abandoned,USD,null
899,abandoned,NGN,null
900,success,NGN,NG
901,success,NGN,NG
902,success,NGN,NG
903,success,USD,GB
904,success,NGN,NG
905,abandoned,NGN,GB
906,success,NGN,NG
907,success,NGN,US
908,reversed,NGN,NG
909,success,USD,GB
910,success,NGN,NG
911,success,NGN,NG
912,success,NGN,NG
913,success,NGN,NG
914,abandoned,USD,null
915,success,NGN,NG
916,success,NGN,NG
917,success,NGN,NG
918,abandoned,NGN,null
919,success,NGN,NG
920,abandoned,NGN,null
921,failed,NGN,NG
922,success,NGN,
923,abandoned,NGN,null
924,abandoned,NGN,null
925,success,NGN,NG
926,failed,NGN,NG
927,abandoned,NGN,null
928,abandoned,NGN,null
929,abandoned,NGN,null
930,success,NGN,NG
931,abandoned,NGN,null
932,abandoned,NGN,null
933,abandoned,NGN,null
934,abandoned,NGN,null
935,abandoned,NGN,null
936,success,NGN,
937,failed,USD,NG
938,failed,NGN,NG
939,success,NGN,NG
940,success,USD,US
941,failed,USD,US
942,success,NGN,NG
943,success,NGN,NG
944,success,NGN,GB
945,success,NGN,NG
946,abandoned,NGN,NG
947,success,NGN,NG
948,abandoned,USD,null
949,success,NGN,NG
950,abandoned,NGN,null
951,success,NGN,NG
952,abandoned,NGN,null
953,failed,NGN,NG
954,abandoned,NGN,null
955,abandoned,NGN,null
956,failed,NGN,NG
957,success,USD,US
958,abandoned,USD,null
959,abandoned,NGN,null
960,abandoned,NGN,NG
961,failed,NGN,NG
962,success,USD,GB
963,success,NGN,NG
964,abandoned,NGN,null
965,abandoned,USD,null
966,success,NGN,NG
967,abandoned,NGN,null
968,success,NGN,NG
969,success,NGN,NG
970,abandoned,USD,US
971,success,NGN,IN
972,abandoned,NGN,NG
973,failed,NGN,US
974,success,NGN,GB
975,success,NGN,NG
976,abandoned,USD,null
977,abandoned,NGN,null
978,abandoned,NGN,null
979,failed,NGN,NG
980,abandoned,NGN,null
981,abandoned,NGN,null
982,abandoned,USD,US
983,success,NGN,NG
984,success,NGN,NG
985,failed,NGN,NG
986,abandoned,NGN,null
987,success,NGN,NG
988,abandoned,NGN,null
989,success,NGN,NG
990,success,NGN,NG
991,abandoned,NGN,null
992,success,NGN,NG
993,success,NGN,NG
994,failed,NGN,NG
995,success,NGN,NG
996,success,USD,GB
997,abandoned,NGN,null
998,success,NGN,NG
999,success,NGN,NG
1000,abandoned,NGN,null
1001,success,USD,
1002,success,NGN,NG
1003,failed,NGN,NG
1004,abandoned,NGN,US
1005,abandoned,NGN,null
1006,failed,NGN,NG
1007,success,NGN,GB
1008,success,NGN,NG
1009,abandoned,NGN,null
1010,success,USD,US
1011,failed,NGN,NG
1012,success,NGN,NG
1013,abandoned,NGN,null
1014,success,NGN,NG
1015,abandoned,NGN,null
1016,failed,NGN,NG
1017,success,USD,US
1018,abandoned,NGN,null
1019,success,NGN,NG
1020,success,NGN,NG
1021,failed,USD,NG
1022,failed,NGN,NG
1023,success,NGN,NG
1024,abandoned,NGN,null
1025,success,USD,KE
1026,abandoned,NGN,NG
1027,abandoned,USD,null
1028,abandoned,NGN,null
1029,abandoned,NGN,null
1030,abandoned,USD,null
1031,success,NGN,NG
1032,abandoned,USD,null
1033,success,NGN,NG
1034,failed,USD,US
1035,success,NGN,NG
1036,abandoned,NGN,null
1037,success,NGN,NG
1038,abandoned,NGN,null
1039,abandoned,NGN,null
1040,abandoned,NGN,null
1041,success,USD,GB
1042,reversed,NGN,NG
1043,abandoned,NGN,null
1044,failed,NGN,NG
1045,success,USD,GB
1046,success,NGN,NG
1047,abandoned,NGN,null
1048,failed,USD,GB
1049,failed,USD,US
1050,success,NGN,NG
1051,abandoned,USD,US
1052,success,NGN,NG
1053,success,NGN,NG
1054,success,NGN,NG
1055,abandoned,NGN,null
1056,failed,USD,US
1057,abandoned,NGN,null
1058,abandoned,NGN,null
1059,success,NGN,NG
1060,abandoned,NGN,null
1061,abandoned,USD,US
1062,success,NGN,NG
1063,success,NGN,GB
1064,failed,NGN,NG
1065,abandoned,NGN,null
1066,success,NGN,NG
1067,abandoned,NGN,null
1068,success,NGN,NG
1069,abandoned,NGN,null
1070,success,NGN,NG
1071,abandoned,NGN,NG
1072,abandoned,NGN,null
1073,abandoned,NGN,null
1074,success,NGN,NG
1075,abandoned,USD,null
1076,success,NGN,NG
1077,success,NGN,NG
1078,failed,USD,US
1079,abandoned,NGN,null
1080,success,USD,US
1081,abandoned,NGN,null
1082,failed,NGN,NG
1083,abandoned,NGN,null
1084,success,NGN,NG
1085,success,NGN,NG
1086,abandoned,NGN,null
1087,abandoned,NGN,null
1088,success,USD,US
1089,success,NGN,NG
1090,failed,NGN,NG
1091,success,NGN,NG
1092,success,NGN,NG
1093,abandoned,NGN,null
1094,success,NGN,NG
1095,abandoned,NGN,null
1096,success,NGN,NG
1097,success,NGN,NG
1098,abandoned,USD,US
1099,abandoned,NGN,null
1100,success,NGN,NG
1101,reversed,NGN,NG
1102,failed,USD,CA
1103,success,NGN,NG
1104,success,NGN,NG
1105,abandoned,NGN,null
1106,success,NGN,NG
1107,success,NGN,NG
1108,failed,NGN,CA
1109,abandoned,NGN,NG
1110,success,NGN,NG
1111,abandoned,NGN,null
1112,abandoned,NGN,null
1113,abandoned,USD,null
1114,abandoned,NGN,null
1115,abandoned,NGN,null
1116,abandoned,NGN,null
1117,success,NGN,NG
1118,abandoned,USD,US
1119,abandoned,NGN,null
1120,success,NGN,NG
1121,success,NGN,NG
1122,failed,NGN,NG
1123,abandoned,NGN,null
1124,success,USD,GB
1125,failed,USD,US
1126,success,NGN,NG
1127,failed,NGN,NG
1128,success,NGN,NG
1129,abandoned,NGN,null
1130,abandoned,USD,NG
1131,abandoned,NGN,null
1132,abandoned,NGN,null
1133,abandoned,NGN,null
1134,success,NGN,NG
1135,abandoned,NGN,null
1136,success,NGN,NG
1137,abandoned,NGN,null
1138,success,NGN,NG
1139,success,NGN,NG
1140,abandoned,NGN,null
1141,success,NGN,NG
1142,abandoned,NGN,null
1143,success,NGN,NG
1144,abandoned,NGN,null
1145,abandoned,NGN,null
1146,success,NGN,NG
1147,success,USD,GB
1148,abandoned,NGN,NG
1149,abandoned,NGN,null
1150,abandoned,USD,null
1151,failed,NGN,NG
1152,success,NGN,NG
1153,success,NGN,
1154,success,NGN,NG
1155,success,NGN,NG
1156,failed,NGN,NG
1157,failed,USD,NG
1158,success,NGN,NG
1159,success,NGN,NG
1160,abandoned,NGN,null
1161,abandoned,NGN,null
1162,failed,NGN,NG
1163,success,USD,GB
1164,success,NGN,NG
1165,abandoned,NGN,null
1166,success,NGN,NG
1167,success,NGN,NG
1168,failed,NGN,NG
1169,success,NGN,NG
1170,failed,NGN,NG
1171,success,NGN,NG
1172,abandoned,NGN,NG
1173,abandoned,NGN,null
1174,abandoned,NGN,null
1175,success,NGN,US
1176,abandoned,NGN,null
1177,success,NGN,NG
1178,abandoned,NGN,null
1179,failed,NGN,NG
1180,success,USD,US
1181,success,NGN,NG
1182,abandoned,NGN,null
1183,reversed,NGN,NG
1184,success,USD,GB
1185,failed,NGN,NG
1186,failed,NGN,NG
1187,success,NGN,NG
1188,abandoned,NGN,NG
1189,reversed,USD,GH
1190,success,NGN,NG
1191,success,NGN,NG
1192,success,NGN,NG
1193,success,NGN,NG
1194,failed,NGN,US
1195,success,NGN,NG
1196,success,USD,GB
1197,abandoned,NGN,null
1198,abandoned,USD,null
1199,abandoned,NGN,null
1200,abandoned,NGN,null
1201,abandoned,NGN,null
1202,success,NGN,NG
1203,reversed,NGN,NG
1204,abandoned,NGN,null
1205,failed,NGN,NG
1206,abandoned,USD,null
1207,abandoned,NGN,null
1208,abandoned,NGN,null
1209,failed,NGN,NG
1210,failed,NGN,NG
1211,success,NGN,NG
1212,success,NGN,NG
1213,failed,USD,US
1214,reversed,NGN,NG
1215,abandoned,NGN,null
1216,success,NGN,NG
1217,success,NGN,NG
1218,success,NGN,NG
1219,success,NGN,NG
1220,abandoned,NGN,null
1221,success,NGN,NG
1222,abandoned,NGN,null
1223,failed,NGN,
1224,failed,NGN,NG
1225,abandoned,NGN,null
1226,success,NGN,NG
1227,abandoned,NGN,NG
1228,success,NGN,NG
1229,abandoned,NGN,null
1230,success,NGN,NG
1231,success,NGN,NG
1232,success,USD,US
1233,success,USD,US
1234,success,NGN,NG
1235,success,NGN,NG
1236,reversed,NGN,US
1237,success,NGN,NG
1238,abandoned,USD,null
1239,abandoned,NGN,null
1240,success,NGN,NG
1241,failed,USD,US
1242,abandoned,NGN,null
1243,success,NGN,NG
1244,success,USD,US
1245,abandoned,NGN,NG
1246,success,NGN,NG
1247,abandoned,NGN,null
1248,success,NGN,NG
1249,success,NGN,NG
1250,success,USD,US
1251,abandoned,NGN,null
1252,abandoned,USD,null
1253,success,NGN,NG
1254,success,NGN,NG
1255,abandoned,NGN,NG
1256,failed,NGN,NG
1257,success,NGN,NG
1258,abandoned,NGN,null
1259,success,NGN,NG
1260,abandoned,NGN,null
1261,abandoned,NGN,null
1262,failed,NGN,NG
1263,abandoned,NGN,null
1264,abandoned,NGN,null
1265,abandoned,NGN,null
1266,abandoned,NGN,null
1267,failed,NGN,NG
1268,abandoned,NGN,null
1269,success,NGN,NG
1270,failed,USD,US
1271,success,NGN,NG
1272,abandoned,NGN,US
1273,abandoned,NGN,null
1274,failed,NGN,NG
1275,success,NGN,NG
1276,failed,NGN,NG
1277,success,USD,KE
1278,abandoned,USD,NG
1279,failed,NGN,NG
1280,abandoned,NGN,null
1281,abandoned,NGN,null
1282,success,NGN,NG
1283,success,NGN,NG
1284,failed,NGN,NG
1285,abandoned,NGN,NG
1286,success,NGN,NG
1287,success,USD,US
1288,success,NGN,NG
1289,abandoned,NGN,null
1290,success,USD,US
1291,success,NGN,NG
1292,abandoned,NGN,null
1293,success,USD,
1294,success,NGN,NG
1295,failed,NGN,NG
1296,abandoned,NGN,null
1297,abandoned,NGN,null
1298,failed,NGN,NG
1299,abandoned,NGN,null
1300,success,NGN,NG
1301,abandoned,NGN,null
1302,success,NGN,NG
1303,abandoned,NGN,null
1304,abandoned,NGN,null
1305,success,NGN,NG
1306,reversed,NGN,NG
1307,abandoned,NGN,null
1308,abandoned,NGN,null
1309,abandoned,NGN,null
1310,abandoned,NGN,null
1311,abandoned,NGN,null
1312,abandoned,NGN,null
1313,failed,NGN,NG
1314,abandoned,NGN,null
1315,abandoned,NGN,null
1316,abandoned,USD,US
1317,failed,NGN,NG
1318,success,USD,NG
1319,success,NGN,NG
1320,abandoned,NGN,null
1321,success,NGN,NG
1322,success,NGN,NG
1323,abandoned,NGN,null
1324,abandoned,NGN,null
1325,abandoned,NGN,null
1326,success,NGN,NG
1327,abandoned,NGN,NG
1328,abandoned,NGN,null
1329,success,NGN,NG
1330,success,NGN,NG
1331,success,NGN,NG
1332,abandoned,NGN,null
1333,abandoned,NGN,null
1334,reversed,NGN,NG
1335,success,NGN,NG
1336,abandoned,NGN,null
1337,success,NGN,NG
1338,success,NGN,NG
1339,abandoned,NGN,null
1340,abandoned,USD,US
1341,abandoned,NGN,null
1342,success,NGN,NG
1343,failed,NGN,NG
1344,abandoned,USD,null
1345,failed,NGN,NG
1346,success,NGN,NG
1347,abandoned,NGN,null
1348,abandoned,USD,null
1349,abandoned,NGN,null
1350,success,NGN,NG
1351,abandoned,NGN,null
1352,success,NGN,NG
1353,abandoned,NGN,null
1354,abandoned,NGN,null
1355,abandoned,NGN,null
1356,success,NGN,NG
1357,abandoned,NGN,null
1358,success,NGN,NG
1359,abandoned,NGN,null
1360,abandoned,USD,null
1361,abandoned,NGN,null
1362,failed,NGN,NG
1363,success,NGN,NG
1364,success,NGN,NG
1365,failed,NGN,NG
1366,success,NGN,NG
1367,failed,NGN,null
1368,abandoned,NGN,null
1369,failed,NGN,NG
1370,success,NGN,NG
1371,success,USD,US
1372,success,NGN,NG
1373,abandoned,NGN,null
1374,failed,USD,US
1375,failed,NGN,NG
1376,success,NGN,NG
1377,success,NGN,NG
1378,success,NGN,UG
1379,failed,NGN,NG
1380,success,NGN,NG
1381,success,USD,
1382,abandoned,NGN,null
1383,success,NGN,NG
1384,abandoned,NGN,NG
1385,success,NGN,NG
1386,abandoned,NGN,null
1387,success,NGN,NG
1388,abandoned,NGN,null
1389,success,NGN,NG
1390,failed,USD,US
1391,abandoned,NGN,null
1392,success,USD,US
1393,abandoned,NGN,null
1394,success,NGN,NG
1395,success,NGN,NG
1396,abandoned,NGN,null
1397,abandoned,NGN,NG
1398,failed,USD,US
1399,failed,NGN,NG
1400,success,USD,US
1401,reversed,NGN,NG
1402,abandoned,NGN,null
1403,abandoned,NGN,NG
1404,success,USD,KE
1405,abandoned,NGN,null
1406,abandoned,USD,null
1407,failed,NGN,NG
1408,success,NGN,NG
1409,success,NGN,NG
1410,failed,NGN,NG
1411,abandoned,NGN,null
1412,abandoned,NGN,null
1413,abandoned,NGN,null
1414,success,NGN,NG
1415,failed,NGN,NG
1416,success,NGN,NG
1417,abandoned,NGN,NG
1418,abandoned,NGN,null
1419,abandoned,USD,US
1420,failed,USD,US
1421,abandoned,USD,null
1422,abandoned,NGN,NG
1423,failed,NGN,NG
1424,success,NGN,NG
1425,abandoned,USD,null
1426,reversed,NGN,NG
1427,abandoned,NGN,null
1428,success,NGN,GB
1429,abandoned,NGN,null
1430,abandoned,NGN,null
1431,failed,NGN,NG
1432,abandoned,NGN,GB
1433,reversed,NGN,NG
1434,success,NGN,NG
1435,success,NGN,NG
1436,abandoned,NGN,null
1437,abandoned,NGN,null
1438,abandoned,NGN,null
1439,abandoned,NGN,null
1440,success,NGN,NG
1441,success,NGN,NG
1442,failed,USD,US
1443,abandoned,NGN,null
1444,success,USD,NG
1445,abandoned,NGN,null
1446,success,NGN,NG
1447,abandoned,NGN,null
1448,success,NGN,NG
1449,success,USD,GB
1450,success,NGN,NG
1451,failed,USD,GB
1452,success,NGN,NG
1453,success,NGN,NG
1454,abandoned,NGN,null
1455,abandoned,NGN,null
1456,failed,NGN,NG
1457,success,USD,GB
1458,success,NGN,NG
1459,abandoned,NGN,null
1460,success,USD,GB
1461,success,NGN,NG
1462,abandoned,NGN,null
1463,success,NGN,NG
1464,success,NGN,NG
1465,abandoned,USD,null
1466,failed,NGN,US
1467,abandoned,NGN,null
1468,success,NGN,NG
1469,failed,NGN,NG
1470,abandoned,NGN,null
1471,failed,NGN,US
1472,success,NGN,NG
1473,abandoned,USD,GB
1474,abandoned,NGN,null
1475,success,NGN,NG
1476,success,NGN,NG
1477,abandoned,NGN,null
1478,success,NGN,NG
1479,reversed,NGN,NG
1480,abandoned,NGN,null
1481,success,NGN,NG
1482,success,NGN,NG
1483,abandoned,USD,null
1484,success,NGN,NG
1485,failed,NGN,NG
1486,success,NGN,NG
1487,success,NGN,NG
1488,failed,USD,US
1489,abandoned,NGN,null
1490,success,NGN,NG
1491,success,NGN,NG
1492,abandoned,NGN,null
1493,failed,USD,US
1494,success,NGN,NG
1495,success,NGN,NG
1496,abandoned,NGN,null
1497,success,NGN,NG
1498,abandoned,NGN,null
1499,success,NGN,NG
1500,success,NGN,NG
1501,abandoned,NGN,null
1502,success,NGN,NG
1503,abandoned,NGN,null
1504,success,NGN,NG
1505,abandoned,NGN,null
1506,abandoned,NGN,null
1507,success,NGN,NG
1508,success,NGN,NG
1509,abandoned,NGN,NG
1510,abandoned,NGN,NG
1511,success,NGN,NG
1512,abandoned,NGN,null
1513,abandoned,NGN,NG
1514,success,NGN,NG
1515,success,NGN,NG
1516,success,NGN,NG
1517,success,NGN,NG
1518,success,NGN,NG
1519,success,USD,KE
1520,success,NGN,NG
1521,failed,USD,NG
1522,success,NGN,NG
1523,success,NGN,NG
1524,success,NGN,NG
1525,failed,USD,US
1526,success,NGN,NG
1527,abandoned,NGN,NG
1528,abandoned,NGN,null
1529,abandoned,NGN,null
1530,failed,USD,US
1531,abandoned,USD,null
1532,success,USD,GB
1533,success,NGN,NG
1534,abandoned,NGN,null
1535,abandoned,USD,US
1536,abandoned,NGN,null
1537,abandoned,USD,null
1538,abandoned,NGN,null
1539,abandoned,NGN,null
1540,success,NGN,NG
1541,abandoned,NGN,null
1542,success,NGN,NG
1543,success,NGN,NG
1544,abandoned,NGN,null
1545,abandoned,NGN,null
1546,failed,NGN,NG
1547,abandoned,NGN,null
1548,success,NGN,NG
1549,success,NGN,NG
1550,abandoned,NGN,null
1551,abandoned,NGN,NG
1552,success,NGN,NG
1553,failed,NGN,NG
1554,reversed,NGN,NG
1555,abandoned,NGN,null
1556,success,NGN,NG
1557,abandoned,NGN,null
1558,success,NGN,NG
1559,success,NGN,NG
1560,success,NGN,NG
1561,failed,NGN,NG
1562,abandoned,NGN,null
1563,abandoned,NGN,null
1564,success,NGN,NG
1565,abandoned,NGN,null
1566,failed,USD,GB
1567,success,NGN,NG
1568,abandoned,NGN,null
1569,failed,NGN,NG
1570,abandoned,NGN,null
1571,abandoned,NGN,null
1572,abandoned,USD,null
1573,abandoned,USD,US
1574,success,NGN,NG
1575,success,NGN,NG
1576,failed,NGN,NG
1577,success,NGN,NG
1578,abandoned,NGN,null
1579,abandoned,NGN,null
1580,success,NGN,NG
1581,success,NGN,GB
1582,abandoned,NGN,null
1583,failed,USD,CA
1584,success,NGN,NG
1585,abandoned,NGN,null
1586,success,NGN,NG
1587,failed,NGN,NG
1588,success,NGN,NG
1589,success,NGN,NG
1590,abandoned,NGN,null
1591,reversed,NGN,NG
1592,failed,NGN,GB
1593,abandoned,USD,null
1594,abandoned,NGN,null
1595,abandoned,NGN,null
1596,success,NGN,NG
1597,success,NGN,NG
1598,success,NGN,NG
1599,abandoned,NGN,NG
1600,abandoned,NGN,null
1601,abandoned,NGN,null
1602,abandoned,USD,null
1603,abandoned,NGN,null
1604,failed,NGN,NG
1605,success,NGN,NG
1606,success,NGN,NG
1607,success,NGN,NG
1608,success,NGN,NG
1609,abandoned,NGN,null
1610,abandoned,NGN,null
1611,abandoned,NGN,null
1612,abandoned,NGN,null
1613,success,NGN,NG
1614,success,NGN,NG
1615,success,NGN,NG
1616,success,NGN,NG
1617,abandoned,USD,US
1618,abandoned,NGN,null
1619,abandoned,NGN,null
1620,abandoned,USD,US
1621,abandoned,NGN,NG
1622,success,NGN,NG
1623,failed,NGN,NG
1624,abandoned,NGN,null
1625,success,NGN,NG
1626,failed,NGN,NG
1627,failed,USD,GB
1628,abandoned,NGN,null
1629,abandoned,NGN,null
1630,abandoned,NGN,null
1631,failed,NGN,NG
1632,success,NGN,GB
1633,success,NGN,NG
1634,failed,NGN,US
1635,abandoned,NGN,null
1636,abandoned,NGN,null
1637,abandoned,NGN,null
1638,abandoned,USD,null
1639,success,NGN,NG
1640,abandoned,USD,NG
1641,success,NGN,NG
1642,success,NGN,GB
1643,abandoned,NGN,null
1644,success,NGN,NG
1645,abandoned,NGN,null
1646,success,NGN,NG
1647,success,NGN,NG
1648,abandoned,NGN,null
1649,abandoned,NGN,null
1650,abandoned,NGN,null
1651,success,NGN,NG
1652,abandoned,USD,null
1653,failed,NGN,GB
1654,abandoned,NGN,null
1655,abandoned,USD,null
1656,success,USD,US
1657,success,NGN,NG
1658,success,USD,GB
1659,abandoned,NGN,null
1660,abandoned,NGN,null
1661,failed,NGN,NG
1662,abandoned,NGN,NG
1663,abandoned,NGN,null
1664,failed,NGN,NG
1665,abandoned,USD,null
1666,success,NGN,IE
1667,abandoned,NGN,null
1668,abandoned,NGN,null
1669,abandoned,NGN,null
1670,abandoned,NGN,null
1671,failed,USD,US
1672,abandoned,NGN,null
1673,abandoned,NGN,null
1674,success,NGN,NG
1675,abandoned,NGN,null
1676,abandoned,NGN,null
1677,abandoned,NGN,NG
1678,abandoned,NGN,null
1679,abandoned,USD,null
1680,failed,NGN,NG
1681,success,NGN,NG
1682,success,NGN,NG
1683,abandoned,NGN,null
1684,success,NGN,NG
1685,failed,USD,US
1686,success,NGN,NG
1687,failed,NGN,NG
1688,success,USD,NG
1689,failed,NGN,NG
1690,success,NGN,NG
1691,abandoned,NGN,null
1692,abandoned,USD,US
1693,success,NGN,US
1694,success,NGN,NG
1695,failed,NGN,NG
1696,abandoned,NGN,null
1697,failed,NGN,US
1698,abandoned,NGN,null
1699,success,NGN,NG
1700,abandoned,NGN,null
1701,abandoned,NGN,null
1702,success,NGN,NG
1703,success,NGN,NG
1704,success,NGN,NG
1705,success,NGN,NG
1706,success,NGN,NG
1707,success,NGN,NG
1708,success,USD,AE
1709,abandoned,USD,null
1710,success,NGN,NG
1711,success,NGN,NG
1712,success,NGN,NG
1713,abandoned,NGN,null
1714,abandoned,NGN,NG
1715,success,NGN,NG
1716,failed,NGN,NG
1717,success,USD,GB
1718,success,NGN,NG
1719,failed,USD,NG
1720,abandoned,NGN,null
1721,failed,NGN,NG
1722,success,NGN,NG
1723,failed,NGN,NG
1724,success,NGN,NG
1725,success,NGN,NG
1726,abandoned,NGN,null
1727,success,NGN,NG
1728,abandoned,NGN,null
1729,failed,USD,NG
1730,success,USD,GB
1731,abandoned,NGN,null
1732,abandoned,NGN,null
1733,success,USD,PL
1734,abandoned,NGN,null
1735,abandoned,NGN,null
1736,failed,NGN,NG
1737,abandoned,USD,null
1738,success,NGN,NG
1739,success,NGN,NG
1740,failed,NGN,US
1741,abandoned,NGN,null
1742,abandoned,NGN,null
1743,abandoned,NGN,null
1744,abandoned,USD,null
1745,abandoned,NGN,null
1746,success,NGN,NG
1747,abandoned,NGN,null
1748,success,NGN,NG
1749,success,NGN,NG
1750,abandoned,NGN,null
1751,success,NGN,NG
1752,success,NGN,NG
1753,success,NGN,NG
1754,reversed,NGN,NG
1755,abandoned,NGN,null
1756,success,NGN,NG
1757,abandoned,NGN,null
1758,success,NGN,NG
1759,abandoned,NGN,null
1760,abandoned,NGN,null
1761,success,NGN,NG
1762,abandoned,NGN,NG
1763,success,USD,US
1764,success,USD,US
1765,failed,NGN,NG
1766,abandoned,NGN,null
1767,abandoned,NGN,null
1768,abandoned,USD,null
1769,abandoned,NGN,null
1770,success,NGN,NG
1771,abandoned,NGN,null
1772,success,USD,US
1773,failed,USD,GB
1774,failed,NGN,NG
1775,abandoned,NGN,null
1776,abandoned,NGN,null
1777,success,NGN,NG
1778,success,NGN,NG
1779,success,NGN,NG
1780,abandoned,NGN,null
1781,success,NGN,NG
1782,abandoned,NGN,NG
1783,abandoned,NGN,null
1784,failed,USD,BD
1785,success,NGN,NG
1786,abandoned,NGN,NG
1787,abandoned,NGN,null
1788,success,NGN,NG
1789,success,NGN,NG
1790,success,NGN,NG
1791,success,NGN,NG
1792,abandoned,NGN,NG
1793,success,NGN,NG
1794,success,NGN,NG
1795,success,NGN,NG
1796,failed,NGN,NG
1797,abandoned,NGN,null
1798,abandoned,NGN,null
1799,success,NGN,NG
1800,abandoned,NGN,null
1801,abandoned,NGN,null
1802,success,NGN,NG
1803,success,NGN,GB
1804,success,NGN,NG
1805,abandoned,NGN,NG
1806,success,USD,GB
1807,abandoned,NGN,null
1808,failed,NGN,NG
1809,failed,USD,US
1810,abandoned,NGN,null
1811,success,NGN,NG
1812,abandoned,NGN,null
1813,success,NGN,NG
1814,abandoned,NGN,null
1815,abandoned,NGN,null
1816,abandoned,NGN,null
1817,success,NGN,NG
1818,success,NGN,NG
1819,abandoned,NGN,null
1820,abandoned,USD,null
1821,abandoned,NGN,null
1822,failed,NGN,GB
1823,failed,USD,US
1824,abandoned,NGN,null
1825,failed,NGN,GB
1826,abandoned,USD,US
1827,abandoned,USD,null
1828,abandoned,NGN,null
1829,success,NGN,NG
1830,abandoned,NGN,GB
1831,failed,NGN,NG
1832,success,NGN,NG
1833,failed,NGN,NG
1834,abandoned,NGN,null
1835,abandoned,NGN,null
1836,success,NGN,NG
1837,abandoned,NGN,null
1838,abandoned,USD,null
1839,abandoned,NGN,null
1840,success,NGN,NG
1841,abandoned,NGN,null
1842,success,NGN,NG
1843,success,NGN,NG
1844,reversed,NGN,UG
1845,abandoned,USD,US
1846,success,USD,GB
1847,abandoned,USD,null
1848,abandoned,NGN,NG
1849,success,NGN,NG
1850,success,NGN,NG
1851,abandoned,NGN,null
1852,abandoned,NGN,null
1853,success,NGN,NG
1854,success,NGN,NG
1855,success,NGN,NG
1856,success,NGN,NG
1857,abandoned,NGN,null
1858,success,NGN,NG
1859,abandoned,USD,null
1860,success,NGN,NG
1861,abandoned,NGN,null
1862,success,NGN,NG
1863,success,NGN,NG
1864,success,NGN,NG
1865,success,NGN,NG
1866,success,NGN,NG
1867,failed,NGN,null
1868,abandoned,NGN,null
1869,success,NGN,NG
1870,abandoned,NGN,null
1871,failed,NGN,NG
1872,failed,NGN,NG
1873,success,NGN,NG
1874,success,NGN,NG
1875,success,NGN,NG
1876,success,USD,US
1877,success,NGN,NG
1878,abandoned,USD,null
1879,failed,NGN,NG
1880,failed,NGN,NG
1881,abandoned,NGN,null
1882,failed,NGN,NG
1883,success,NGN,NG
1884,success,NGN,NG
1885,success,NGN,NG
1886,abandoned,USD,null
1887,abandoned,NGN,null
1888,failed,NGN,NG
1889,abandoned,NGN,null
1890,success,NGN,NG
1891,abandoned,NGN,null
1892,abandoned,NGN,null
1893,success,NGN,NG
1894,failed,NGN,NG
1895,abandoned,NGN,null
1896,abandoned,USD,null
1897,abandoned,USD,JP
1898,success,NGN,NG
1899,success,NGN,NG
1900,success,NGN,NG
1901,abandoned,NGN,null
1902,success,NGN,NG
1903,success,NGN,NG
1904,success,NGN,NG
1905,success,USD,US
1906,failed,NGN,NG
1907,failed,NGN,US
1908,abandoned,NGN,null
1909,failed,USD,US
1910,success,NGN,NG
1911,abandoned,NGN,null
1912,abandoned,NGN,NG
1913,success,NGN,NO
1914,reversed,NGN,NG
1915,abandoned,NGN,null
1916,abandoned,NGN,null
1917,success,NGN,NG
1918,abandoned,NGN,null
1919,abandoned,NGN,null
1920,success,NGN,NG
1921,success,NGN,US
1922,abandoned,NGN,null
1923,success,USD,GB
1924,failed,NGN,NG
1925,abandoned,NGN,null
1926,abandoned,NGN,null
1927,abandoned,NGN,null
1928,abandoned,USD,null
1929,success,NGN,GH
1930,failed,NGN,NG
1931,failed,NGN,NG
1932,success,NGN,NG
1933,abandoned,NGN,null
1934,abandoned,NGN,null
1935,abandoned,NGN,NG
1936,success,NGN,NG
1937,abandoned,NGN,null
1938,success,NGN,NG
1939,success,NGN,NG
1940,success,NGN,NG
1941,success,NGN,NG
1942,abandoned,NGN,null
1943,abandoned,NGN,null
1944,success,NGN,NG
1945,abandoned,USD,null
1946,abandoned,NGN,null
1947,success,NGN,NG
1948,abandoned,NGN,null
1949,failed,NGN,NG
1950,success,NGN,NG
1951,success,NGN,NG
1952,success,NGN,NG
1953,abandoned,NGN,null
1954,success,NGN,NG
1955,abandoned,NGN,null
1956,success,NGN,NG
1957,success,NGN,NG
1958,success,NGN,NG
1959,abandoned,NGN,null
1960,abandoned,NGN,null
1961,success,NGN,NG
1962,success,NGN,NG
1963,success,NGN,NG
1964,abandoned,NGN,null
1965,success,NGN,NG
1966,abandoned,NGN,null
1967,abandoned,NGN,null
1968,failed,NGN,CA
1969,success,NGN,NG
1970,success,NGN,NG
1971,success,NGN,NG
1972,abandoned,USD,null
1973,failed,NGN,NG
1974,failed,USD,US
1975,success,NGN,NG
1976,abandoned,NGN,null
1977,failed,NGN,NG
1978,success,NGN,NG
1979,abandoned,NGN,NG
1980,failed,NGN,NG
1981,abandoned,NGN,null
1982,failed,USD,US
1983,abandoned,NGN,null
1984,success,USD,US
1985,abandoned,NGN,null
1986,success,NGN,NG
1987,failed,NGN,NG
1988,failed,NGN,NG
1989,abandoned,NGN,null
1990,abandoned,NGN,NG
1991,abandoned,NGN,null
1992,abandoned,NGN,null
1993,success,NGN,NG
1994,failed,NGN,NG
1995,success,NGN,NG
1996,success,NGN,NG
1997,failed,USD,US
1998,success,NGN,NG
1999,success,NGN,NG
2000,abandoned,NGN,null
2001,success,NGN,NG
2002,success,NGN,NG
2003,success,NGN,NG
2004,success,NGN,NG
2005,success,NGN,NG
2006,failed,NGN,NG
2007,success,NGN,US
2008,abandoned,NGN,null
2009,failed,NGN,NG
2010,abandoned,NGN,null
2011,abandoned,NGN,NG
2012,success,NGN,NG
2013,abandoned,NGN,null
2014,success,NGN,NG
2015,abandoned,NGN,null
2016,success,NGN,NG
2017,success,NGN,NG
2018,success,NGN,NG
2019,success,NGN,NG
2020,abandoned,USD,null
2021,failed,NGN,NG
2022,abandoned,NGN,null
2023,failed,NGN,NG
2024,abandoned,NGN,null
2025,success,NGN,NG
2026,success,NGN,NG
2027,success,NGN,NG
2028,success,NGN,NG
2029,success,NGN,NG
2030,abandoned,USD,null
2031,abandoned,NGN,null
2032,success,NGN,NG
2033,abandoned,NGN,null
2034,success,NGN,NG
2035,success,NGN,NG
2036,success,NGN,NG
2037,success,NGN,NG
2038,success,USD,NG
2039,abandoned,NGN,null
2040,success,NGN,NG
2041,abandoned,NGN,null
2042,abandoned,USD,null
2043,abandoned,NGN,null
2044,success,NGN,NG
2045,failed,NGN,NG
2046,success,NGN,NG
2047,abandoned,NGN,null
2048,abandoned,NGN,null
2049,abandoned,NGN,null
2050,abandoned,NGN,null
2051,abandoned,NGN,null
2052,abandoned,NGN,null
2053,abandoned,USD,null
2054,failed,USD,US
2055,failed,NGN,US
2056,abandoned,NGN,null
2057,abandoned,NGN,null
2058,abandoned,NGN,null
2059,abandoned,NGN,null
2060,abandoned,USD,null
2061,success,NGN,NG
2062,abandoned,NGN,NG
2063,success,NGN,
2064,success,NGN,NG
2065,failed,NGN,NG
2066,failed,NGN,NG
2067,success,NGN,NG
2068,failed,NGN,NG
2069,abandoned,NGN,null
2070,success,NGN,NG
2071,abandoned,NGN,null
2072,abandoned,NGN,null
2073,abandoned,NGN,null
2074,success,NGN,NG
2075,success,NGN,NG
2076,failed,NGN,NG
2077,abandoned,NGN,null
2078,abandoned,NGN,null
2079,abandoned,NGN,null
2080,success,NGN,NG
2081,abandoned,NGN,null
2082,success,NGN,NG
2083,abandoned,NGN,null
2084,abandoned,NGN,null
2085,abandoned,NGN,null
2086,success,NGN,NG
2087,abandoned,NGN,null
2088,success,NGN,NG
2089,success,NGN,NG
2090,abandoned,USD,null
2091,success,NGN,NG
2092,success,NGN,NG
2093,abandoned,NGN,null
2094,success,NGN,NG
2095,success,NGN,NG
2096,failed,NGN,NG
2097,success,NGN,NG
2098,failed,NGN,NG
2099,failed,NGN,NG
2100,abandoned,NGN,null
2101,success,NGN,NG
2102,failed,USD,NG
2103,abandoned,NGN,null
2104,success,USD,US
2105,success,NGN,NG
2106,success,NGN,NG
2107,abandoned,NGN,null
2108,failed,NGN,NG
2109,abandoned,NGN,null
2110,abandoned,USD,null
2111,abandoned,NGN,null
2112,abandoned,USD,null
2113,abandoned,NGN,null
2114,failed,NGN,NG
2115,abandoned,NGN,null
2116,success,USD,GB
2117,success,NGN,NG
2118,failed,NGN,NG
2119,success,NGN,NG
2120,abandoned,NGN,null
2121,success,NGN,NG
2122,success,NGN,NG
2123,abandoned,USD,null
2124,failed,USD,US
2125,success,NGN,NG
2126,abandoned,USD,US
2127,abandoned,USD,null
2128,success,NGN,UG
2129,abandoned,NGN,null
2130,abandoned,NGN,null
2131,abandoned,NGN,NG
2132,abandoned,NGN,NG
2133,success,NGN,NG
2134,success,NGN,NG
2135,failed,NGN,GB
2136,abandoned,NGN,null
2137,abandoned,USD,null
2138,abandoned,NGN,NG
2139,success,NGN,NG
2140,success,NGN,NG
2141,abandoned,NGN,null
2142,success,NGN,NG
2143,success,NGN,NG
2144,failed,USD,US
2145,abandoned,NGN,null
2146,abandoned,USD,null
2147,abandoned,NGN,null
2148,success,NGN,NG
2149,success,NGN,NG
2150,success,NGN,NG
2151,abandoned,NGN,null
2152,abandoned,NGN,NG
2153,abandoned,NGN,null
2154,failed,USD,US
2155,success,USD,KE
2156,abandoned,NGN,null
2157,success,NGN,NG
2158,abandoned,NGN,null
2159,failed,NGN,US
2160,abandoned,USD,null
2161,success,NGN,NG
2162,success,NGN,NG
2163,abandoned,NGN,null
2164,abandoned,NGN,null
2165,failed,NGN,GB
2166,success,NGN,NG
2167,success,NGN,NG
2168,success,NGN,NG
2169,abandoned,NGN,null
2170,success,NGN,GB
2171,success,NGN,NG
2172,abandoned,NGN,null
2173,abandoned,NGN,null
2174,abandoned,NGN,null
2175,success,NGN,NG
2176,success,NGN,NG
2177,success,NGN,NG
2178,success,NGN,NG
2179,failed,NGN,NG
2180,success,NGN,NG
2181,success,NGN,NG
2182,success,NGN,NG
2183,failed,NGN,NG
2184,abandoned,NGN,null
2185,abandoned,NGN,null
2186,success,NGN,NG
2187,success,NGN,CA
2188,abandoned,NGN,null
2189,success,NGN,NG
2190,abandoned,USD,null
2191,success,NGN,NG
2192,failed,USD,US
2193,abandoned,NGN,null
2194,failed,NGN,NG
2195,abandoned,NGN,null
2196,success,NGN,NG
2197,abandoned,NGN,null
2198,abandoned,NGN,null
2199,abandoned,NGN,null
2200,success,NGN,NG
2201,success,NGN,NG
2202,abandoned,NGN,null
2203,success,NGN,NG
2204,failed,NGN,NG
2205,abandoned,USD,null
2206,abandoned,NGN,null
2207,success,NGN,NG
2208,success,NGN,NG
2209,abandoned,NGN,null
2210,success,NGN,NG
2211,abandoned,NGN,null
2212,success,NGN,NG
2213,success,NGN,NG
2214,abandoned,NGN,null
2215,success,NGN,NG
2216,abandoned,NGN,null
2217,success,NGN,NG
2218,abandoned,NGN,null
2219,success,NGN,NG
2220,success,NGN,NG
2221,abandoned,NGN,null
2222,success,NGN,NG
2223,abandoned,NGN,null
2224,abandoned,NGN,null
2225,reversed,NGN,NG
2226,success,NGN,NG
2227,abandoned,NGN,null
2228,success,NGN,NG
2229,success,NGN,NG
2230,abandoned,NGN,null
2231,abandoned,NGN,null
2232,success,USD,US
2233,success,USD,US
2234,abandoned,NGN,null
2235,abandoned,USD,US
2236,failed,NGN,NG
2237,abandoned,NGN,null
2238,success,NGN,NG
2239,success,NGN,NG
2240,abandoned,NGN,null
2241,abandoned,NGN,null
2242,abandoned,NGN,null
2243,success,NGN,GH
2244,abandoned,NGN,null
2245,abandoned,NGN,null
2246,success,NGN,NG
2247,success,NGN,NG
2248,failed,NGN,NG
2249,success,NGN,NG
2250,success,NGN,NG
2251,abandoned,NGN,null
2252,success,NGN,NG
2253,abandoned,USD,US
2254,failed,USD,CA
2255,abandoned,USD,US
2256,success,NGN,NG
2257,success,NGN,NG
2258,success,NGN,NG
2259,success,NGN,NG
2260,success,NGN,NG
2261,success,NGN,NG
2262,success,NGN,NG
2263,success,USD,
2264,reversed,NGN,NG
2265,abandoned,NGN,null
2266,success,NGN,NG
2267,success,NGN,NG
2268,success,NGN,NG
2269,success,USD,US
2270,success,NGN,NG
2271,abandoned,NGN,null
2272,abandoned,NGN,null
2273,success,NGN,NG
2274,abandoned,NGN,null
2275,abandoned,NGN,null
2276,success,NGN,NG
2277,abandoned,NGN,null
2278,success,NGN,NG
2279,abandoned,NGN,null
2280,success,NGN,NG
2281,abandoned,NGN,null
2282,abandoned,NGN,null
2283,abandoned,NGN,null
2284,success,NGN,NG
2285,success,NGN,NG
2286,reversed,NGN,NG
2287,success,NGN,NG
2288,abandoned,NGN,null
2289,failed,NGN,NG
2290,abandoned,NGN,null
2291,abandoned,NGN,null
2292,failed,NGN,GB
2293,failed,USD,
2294,abandoned,NGN,null
2295,abandoned,NGN,null
2296,abandoned,NGN,null
2297,success,NGN,NG
2298,abandoned,NGN,null
2299,failed,NGN,NG
2300,success,NGN,NG
2301,success,USD,US
2302,success,NGN,NG
2303,abandoned,NGN,null
2304,abandoned,USD,NA
2305,failed,NGN,NG
2306,success,NGN,NG
2307,failed,NGN,NG
2308,abandoned,NGN,null
2309,success,NGN,NG
2310,success,NGN,NG
2311,failed,NGN,NG
2312,abandoned,NGN,null
2313,abandoned,USD,null
2314,failed,NGN,US
2315,failed,NGN,NG
2316,success,NGN,NG
2317,failed,NGN,NG
2318,success,NGN,NG
2319,success,NGN,NG
2320,failed,NGN,NG
2321,failed,NGN,NG
2322,abandoned,NGN,null
2323,abandoned,NGN,null
2324,success,NGN,NG
2325,success,USD,GB
2326,abandoned,USD,null
2327,success,NGN,NG
2328,abandoned,NGN,NG
2329,success,NGN,NG
2330,success,NGN,NG
2331,failed,NGN,null
2332,abandoned,NGN,null
2333,failed,NGN,NG
2334,abandoned,NGN,null
2335,abandoned,NGN,null
2336,success,NGN,NG
2337,success,NGN,NG
2338,failed,NGN,NG
2339,success,NGN,NG
2340,success,NGN,NG
2341,success,NGN,GB
2342,success,NGN,NG
2343,abandoned,USD,US
2344,success,NGN,NG
2345,success,NGN,NG
2346,success,NGN,NG
2347,abandoned,NGN,null
2348,success,USD,US
2349,abandoned,USD,US
2350,success,NGN,NG
2351,abandoned,NGN,NG
2352,abandoned,NGN,null
2353,success,NGN,NG
2354,abandoned,USD,null
2355,success,NGN,NG
2356,success,USD,JP
2357,abandoned,NGN,NG
2358,abandoned,NGN,null
2359,abandoned,NGN,null
2360,abandoned,USD,null
2361,failed,USD,GB
2362,success,NGN,NG
2363,success,NGN,NG
2364,success,NGN,NG
2365,abandoned,NGN,null
2366,success,NGN,NG
2367,abandoned,NGN,null
2368,abandoned,USD,null
2369,success,NGN,NG
2370,abandoned,NGN,null
2371,failed,NGN,NG
2372,abandoned,NGN,null
2373,abandoned,USD,CA
2374,abandoned,NGN,null
2375,success,NGN,NG
2376,failed,NGN,NG
2377,success,NGN,NG
2378,abandoned,NGN,NG
2379,abandoned,NGN,null
2380,abandoned,NGN,GB
2381,abandoned,NGN,null
2382,abandoned,NGN,null
2383,failed,NGN,NG
2384,reversed,NGN,NG
2385,success,NGN,NG
2386,failed,NGN,NG
2387,success,NGN,NG
2388,success,NGN,NG
2389,abandoned,NGN,NG
2390,success,NGN,NG
2391,success,USD,US
2392,success,NGN,NG
2393,success,USD,QA
2394,abandoned,NGN,null
2395,success,NGN,NG
2396,failed,NGN,NG
2397,abandoned,NGN,null
2398,abandoned,USD,null
2399,success,NGN,NG
2400,success,NGN,NG
2401,failed,USD,
2402,success,NGN,NG
2403,failed,NGN,NG
2404,success,NGN,NG
2405,success,NGN,NG
2406,abandoned,NGN,null
2407,success,NGN,NG
2408,abandoned,NGN,null
2409,abandoned,NGN,null
2410,failed,USD,US
2411,success,NGN,NG
2412,abandoned,USD,null
2413,abandoned,NGN,ZA
2414,abandoned,NGN,null
2415,abandoned,USD,US
2416,success,NGN,NG
2417,abandoned,NGN,null
2418,abandoned,NGN,null
2419,abandoned,NGN,null
2420,success,NGN,US
2421,abandoned,USD,null
2422,abandoned,USD,null
2423,abandoned,NGN,null
2424,success,USD,GB
2425,abandoned,NGN,null
2426,abandoned,NGN,null
2427,success,NGN,NG
2428,failed,NGN,CA
2429,abandoned,NGN,null
2430,abandoned,NGN,null
2431,abandoned,NGN,null
2432,abandoned,NGN,null
2433,abandoned,USD,US
2434,abandoned,NGN,null
2435,abandoned,USD,null
2436,success,USD,GB
2437,abandoned,NGN,null
2438,success,NGN,NG
2439,success,NGN,NG
2440,success,NGN,NG
2441,success,NGN,NG
2442,failed,NGN,NG
2443,success,NGN,NG
2444,success,NGN,NG
2445,abandoned,NGN,null
2446,abandoned,NGN,null
2447,abandoned,NGN,null
2448,success,USD,US
2449,success,NGN,NG
2450,success,NGN,NG
2451,abandoned,NGN,null
2452,abandoned,NGN,null
2453,abandoned,NGN,null
2454,abandoned,NGN,null
2455,success,NGN,NG
2456,failed,USD,US
2457,abandoned,NGN,null
2458,failed,USD,NG
2459,success,NGN,NG
2460,abandoned,NGN,null
2461,failed,NGN,NG
2462,abandoned,NGN,null
2463,failed,NGN,NG
2464,failed,NGN,NG
2465,success,NGN,NG
2466,success,NGN,NG
2467,abandoned,NGN,null
2468,abandoned,NGN,NG
2469,abandoned,NGN,null
2470,success,NGN,NG
2471,success,NGN,NG
2472,success,NGN,NG
2473,success,NGN,NG
2474,abandoned,NGN,null
2475,abandoned,NGN,null
2476,success,NGN,NG
2477,success,USD,US
2478,success,NGN,NG
2479,success,NGN,NG
2480,abandoned,USD,null
2481,abandoned,NGN,null
2482,abandoned,NGN,null
2483,abandoned,NGN,null
2484,success,USD,US
2485,success,NGN,NG
2486,success,NGN,NG
2487,abandoned,NGN,null
2488,abandoned,USD,null
2489,failed,NGN,NG
2490,abandoned,USD,null
2491,abandoned,NGN,null
2492,failed,NGN,NG
2493,success,NGN,NG
2494,success,NGN,NG
2495,success,USD,GB
2496,abandoned,NGN,null
2497,abandoned,NGN,null
2498,failed,NGN,US
2499,success,NGN,NG
2500,abandoned,NGN,NG
2501,success,NGN,NG
2502,success,NGN,NG
2503,abandoned,NGN,null
2504,abandoned,NGN,null
2505,failed,NGN,NG
2506,success,NGN,NG
2507,success,NGN,NG
2508,success,NGN,NG
2509,success,NGN,NG
2510,abandoned,USD,null
2511,abandoned,NGN,US
2512,failed,NGN,NG
2513,abandoned,NGN,null
2514,abandoned,NGN,null
2515,abandoned,NGN,null
2516,success,NGN,NG
2517,abandoned,NGN,null
2518,success,USD,US
2519,abandoned,NGN,null
2520,success,NGN,GB
2521,success,NGN,NG
2522,success,NGN,NG
2523,abandoned,NGN,null
2524,abandoned,USD,US
2525,abandoned,USD,null
2526,failed,NGN,NG
2527,failed,NGN,NG
2528,abandoned,NGN,null
2529,success,NGN,NG
2530,success,NGN,NG
2531,abandoned,NGN,null
2532,abandoned,NGN,null
2533,success,NGN,NG
2534,failed,NGN,NG
2535,success,NGN,NG
2536,failed,USD,US
2537,abandoned,NGN,null
2538,success,NGN,NG
2539,failed,NGN,NG
2540,success,NGN,NG
2541,failed,NGN,NG
2542,success,NGN,NG
2543,success,NGN,NG
2544,success,NGN,NG
2545,success,NGN,NG
2546,success,NGN,NG
2547,abandoned,NGN,null
2548,abandoned,NGN,NG
2549,failed,NGN,NG
2550,success,USD,GB
2551,abandoned,NGN,null
2552,success,NGN,NG
2553,abandoned,NGN,null
2554,failed,NGN,NG
2555,abandoned,NGN,null
2556,success,NGN,NG
2557,success,NGN,NG
2558,success,NGN,US
2559,success,NGN,NG
2560,abandoned,NGN,null
2561,abandoned,USD,null
2562,failed,NGN,US
2563,success,NGN,NG
2564,failed,NGN,NG
2565,abandoned,NGN,NG
2566,success,NGN,NG
2567,success,NGN,NG
2568,abandoned,NGN,null
2569,abandoned,NGN,null
2570,failed,NGN,NG
2571,reversed,USD,GB
2572,failed,NGN,NG
2573,success,NGN,NG
2574,success,NGN,NG
2575,success,NGN,NG
2576,abandoned,NGN,null
2577,success,NGN,NG
2578,abandoned,USD,null
2579,abandoned,NGN,null
2580,success,NGN,NG
2581,success,NGN,NG
2582,success,NGN,GB
2583,success,NGN,NG
2584,abandoned,NGN,null
2585,success,NGN,NG
2586,success,USD,CA
2587,failed,NGN,NG
2588,success,NGN,NG
2589,abandoned,USD,GB
2590,success,NGN,NG
2591,abandoned,NGN,null
2592,success,NGN,NG
2593,success,NGN,NG
2594,abandoned,NGN,null
2595,abandoned,NGN,null
2596,success,NGN,NG
2597,abandoned,NGN,null
2598,success,NGN,NG
2599,abandoned,NGN,null
2600,success,NGN,NG
2601,abandoned,NGN,null
2602,success,NGN,NG
2603,success,NGN,NG
2604,abandoned,NGN,null
2605,abandoned,NGN,null
2606,success,USD,US
2607,success,NGN,NG
2608,abandoned,NGN,null
2609,success,NGN,NG
2610,failed,NGN,NG
2611,abandoned,NGN,null
2612,abandoned,USD,null
2613,failed,NGN,NG
2614,success,NGN,NG
2615,abandoned,USD,null
2616,failed,NGN,US
2617,success,NGN,NG
2618,abandoned,NGN,null
2619,failed,NGN,NG
2620,success,NGN,NG
2621,abandoned,NGN,null
2622,abandoned,USD,null
2623,failed,NGN,null
2624,success,NGN,NG
2625,success,NGN,NG
2626,abandoned,USD,null
2627,abandoned,NGN,null
2628,abandoned,NGN,null
2629,abandoned,NGN,null
2630,abandoned,NGN,null
2631,success,NGN,NG
2632,success,NGN,NG
2633,abandoned,NGN,null
2634,success,NGN,NG
2635,failed,NGN,NG
2636,success,NGN,NG
2637,abandoned,NGN,NG
2638,abandoned,NGN,null
2639,abandoned,NGN,null
2640,abandoned,NGN,null
2641,success,NGN,NG
2642,success,NGN,NG
2643,success,NGN,NG
2644,abandoned,NGN,null
2645,abandoned,NGN,null
2646,abandoned,NGN,null
2647,failed,USD,US
2648,abandoned,NGN,null
2649,abandoned,NGN,null
2650,success,NGN,NG
2651,abandoned,NGN,null
2652,success,NGN,NG
2653,abandoned,NGN,null
2654,abandoned,NGN,null
2655,success,NGN,NG
2656,abandoned,NGN,null
2657,abandoned,NGN,null
2658,failed,NGN,NG
2659,failed,NGN,NG
2660,success,NGN,NG
2661,abandoned,NGN,null
2662,abandoned,NGN,null
2663,success,NGN,NG
2664,success,NGN,CA
2665,abandoned,NGN,null
2666,success,NGN,GB
2667,failed,NGN,NG
2668,success,NGN,NG
2669,abandoned,NGN,null
2670,success,NGN,NG
2671,abandoned,NGN,null
2672,success,NGN,NG
2673,success,NGN,NG
2674,success,USD,GB
2675,success,NGN,NG
2676,abandoned,NGN,null
2677,success,USD,US
2678,abandoned,USD,null
2679,abandoned,USD,null
2680,failed,NGN,NG
2681,abandoned,NGN,null
2682,success,NGN,NG
2683,success,NGN,NG
2684,abandoned,USD,null
2685,success,NGN,NG
2686,abandoned,NGN,null
2687,success,NGN,NG
2688,abandoned,NGN,null
2689,abandoned,NGN,null
2690,abandoned,NGN,null
2691,abandoned,NGN,null
2692,failed,NGN,NG
2693,abandoned,NGN,null
2694,success,USD,NG
2695,success,NGN,NG
2696,abandoned,NGN,null
2697,abandoned,NGN,null
2698,failed,NGN,NG
2699,success,NGN,NG
2700,failed,NGN,NG
2701,success,NGN,NG
2702,success,NGN,NG
2703,success,NGN,NG
2704,success,NGN,NG
2705,success,NGN,NG
2706,abandoned,NGN,null
2707,failed,NGN,NG
2708,abandoned,NGN,NG
2709,failed,USD,NG
2710,success,NGN,GB
2711,success,NGN,NG
2712,success,NGN,NG
2713,success,NGN,NG
2714,success,NGN,NG
2715,success,NGN,NG
2716,success,NGN,NG
2717,abandoned,NGN,null
2718,abandoned,USD,CA
2719,failed,NGN,NG
2720,success,NGN,NG
2721,success,USD,US
2722,success,NGN,NG
2723,abandoned,NGN,null
2724,abandoned,NGN,null
2725,success,NGN,NG
2726,abandoned,NGN,null
2727,success,NGN,NG
2728,abandoned,NGN,null
2729,failed,USD,NG
2730,abandoned,NGN,null
2731,success,NGN,NG
2732,abandoned,NGN,null
2733,success,NGN,NG
2734,failed,NGN,NG
2735,abandoned,USD,null
2736,abandoned,NGN,null
2737,abandoned,NGN,NG
2738,abandoned,NGN,null
2739,success,NGN,NG
2740,abandoned,NGN,null
2741,abandoned,NGN,NG
2742,reversed,NGN,NG
2743,success,NGN,NG
2744,failed,USD,US
2745,failed,USD,
2746,abandoned,NGN,null
2747,success,NGN,NG
2748,success,NGN,NG
2749,failed,USD,KY
2750,success,NGN,NG
2751,abandoned,NGN,null
2752,success,USD,GB
2753,success,USD,IE
2754,abandoned,NGN,null
2755,abandoned,NGN,null
2756,abandoned,NGN,null
2757,abandoned,NGN,null
2758,failed,NGN,US
2759,failed,NGN,NG
2760,abandoned,USD,null
2761,abandoned,NGN,null
2762,success,NGN,NG
2763,success,NGN,NG
2764,success,NGN,NG
2765,success,NGN,NG
2766,abandoned,USD,null
2767,success,USD,GB
2768,success,NGN,NG
2769,reversed,NGN,NG
2770,abandoned,NGN,null
2771,abandoned,NGN,null
2772,abandoned,NGN,null
2773,success,NGN,NG
2774,success,NGN,NG
2775,success,NGN,NG
2776,success,NGN,NG
2777,reversed,NGN,NG
2778,abandoned,NGN,null
2779,success,NGN,NG
2780,failed,NGN,NG
2781,abandoned,NGN,null
2782,success,NGN,NG
2783,success,NGN,NG
2784,abandoned,USD,null
2785,abandoned,NGN,null
2786,abandoned,NGN,null
2787,success,NGN,
2788,success,NGN,NG
2789,abandoned,NGN,NG
2790,abandoned,USD,null
2791,success,NGN,NG
2792,success,NGN,NG
2793,abandoned,NGN,null
2794,abandoned,NGN,null
2795,failed,NGN,NG
2796,success,NGN,NG
2797,abandoned,NGN,null
2798,abandoned,NGN,null
2799,success,NGN,NG
2800,success,USD,NG
2801,success,NGN,NG
2802,abandoned,NGN,null
2803,success,NGN,NG
2804,abandoned,NGN,null
2805,success,NGN,NG
2806,abandoned,NGN,null
2807,success,NGN,IE
2808,success,NGN,NG
2809,success,NGN,NG
2810,failed,NGN,NG
2811,success,NGN,NG
2812,success,NGN,NG
2813,success,NGN,NG
2814,success,NGN,NG
2815,success,NGN,NG
2816,abandoned,NGN,null
2817,abandoned,NGN,null
2818,failed,USD,US
2819,abandoned,NGN,null
2820,failed,USD,US
2821,success,NGN,NG
2822,failed,NGN,GB
2823,success,NGN,NG
2824,abandoned,NGN,null
2825,success,NGN,NG
2826,failed,NGN,NG
2827,abandoned,USD,BD
2828,abandoned,NGN,null
2829,success,NGN,FR
2830,abandoned,NGN,null
2831,success,NGN,GB
2832,failed,NGN,NG
2833,abandoned,NGN,null
2834,abandoned,NGN,null
2835,abandoned,USD,null
2836,success,USD,US
2837,failed,NGN,NG
2838,abandoned,NGN,null
2839,abandoned,USD,null
2840,abandoned,NGN,null
2841,success,NGN,NG
2842,abandoned,USD,null
2843,abandoned,NGN,null
2844,success,NGN,NG
2845,abandoned,USD,US
2846,abandoned,USD,null
2847,failed,NGN,NG
2848,failed,NGN,NG
2849,success,NGN,NG
2850,success,NGN,NG
2851,abandoned,NGN,null
2852,failed,NGN,GB
2853,success,NGN,NG
2854,success,NGN,NG
2855,success,NGN,NG
2856,success,NGN,NG
2857,success,USD,AE
2858,success,NGN,NG
2859,abandoned,NGN,NG
2860,abandoned,NGN,null
2861,success,NGN,NG
2862,success,NGN,NG
2863,success,NGN,NG
2864,reversed,NGN,NG
2865,abandoned,USD,null
2866,abandoned,NGN,null
2867,success,NGN,NG
2868,success,NGN,NG
2869,success,NGN,NG
2870,abandoned,NGN,null
2871,abandoned,NGN,null
2872,success,NGN,US
2873,abandoned,NGN,null
2874,success,NGN,NG
2875,abandoned,NGN,null
2876,abandoned,NGN,null
2877,abandoned,USD,null
2878,abandoned,NGN,null
2879,success,NGN,NG
2880,success,NGN,CA
2881,abandoned,NGN,
2882,success,NGN,NG
2883,success,NGN,NG
2884,abandoned,NGN,null
2885,abandoned,USD,null
2886,failed,NGN,NG
2887,success,NGN,NG
2888,success,USD,US
2889,abandoned,NGN,null
2890,abandoned,NGN,null
2891,success,USD,CA
2892,failed,NGN,NG
2893,abandoned,NGN,null
2894,abandoned,NGN,null
2895,abandoned,NGN,null
2896,success,NGN,NG
2897,failed,NGN,NG
2898,failed,NGN,NG
2899,success,NGN,NG
2900,abandoned,NGN,null
2901,success,NGN,NG
2902,success,NGN,NG
2903,abandoned,NGN,null
2904,success,NGN,NG
2905,failed,USD,US
2906,success,NGN,NG
2907,success,NGN,NG
2908,success,NGN,NG
2909,abandoned,NGN,null
2910,abandoned,NGN,null
2911,success,NGN,NG
2912,success,NGN,NG
2913,abandoned,NGN,null
2914,success,NGN,NG
2915,abandoned,NGN,NG
2916,success,NGN,NG
2917,abandoned,NGN,null
2918,abandoned,NGN,null
2919,success,USD,GB
2920,success,NGN,NG
2921,abandoned,NGN,null
2922,abandoned,NGN,null
2923,abandoned,USD,null
2924,success,NGN,NG
2925,failed,NGN,NG
2926,abandoned,NGN,null
2927,failed,USD,GB
2928,abandoned,NGN,null
2929,abandoned,NGN,null
2930,abandoned,NGN,null
2931,success,NGN,NG
2932,abandoned,NGN,null
2933,abandoned,NGN,null
2934,abandoned,NGN,null
2935,abandoned,NGN,null
2936,success,NGN,NG
2937,failed,NGN,US
2938,abandoned,NGN,null
2939,abandoned,NGN,null
2940,success,NGN,NG
2941,success,NGN,NG
2942,success,NGN,NG
2943,abandoned,USD,null
2944,abandoned,NGN,null
2945,abandoned,NGN,null
2946,success,NGN,NG
2947,success,NGN,NG
2948,abandoned,NGN,null
2949,abandoned,NGN,null
2950,failed,NGN,NG
2951,success,NGN,NG
2952,abandoned,NGN,null
2953,success,USD,US
2954,abandoned,NGN,null
2955,success,NGN,NG
2956,failed,NGN,NG
2957,success,NGN,NG
2958,success,NGN,US
2959,success,USD,US
2960,abandoned,NGN,null
2961,success,NGN,NG
2962,abandoned,NGN,null
2963,abandoned,NGN,null
2964,abandoned,NGN,null
2965,abandoned,NGN,null
2966,failed,NGN,NG
2967,success,NGN,NG
2968,failed,USD,US
2969,success,NGN,NG
2970,success,NGN,NG
2971,abandoned,NGN,null
2972,abandoned,NGN,null
2973,abandoned,USD,null
2974,success,NGN,NG
2975,abandoned,NGN,null
2976,abandoned,NGN,null
2977,abandoned,NGN,null
2978,success,NGN,NG
2979,abandoned,NGN,null
2980,abandoned,NGN,null
2981,reversed,NGN,GB
2982,success,NGN,NG
2983,success,NGN,NG
2984,abandoned,NGN,NG
2985,abandoned,USD,null
2986,success,USD,US
2987,failed,NGN,NG
2988,failed,NGN,NG
2989,abandoned,NGN,null
2990,success,NGN,NG
2991,abandoned,NGN,null
2992,failed,NGN,NG
2993,success,NGN,NG
2994,abandoned,NGN,NG
2995,reversed,NGN,NG
2996,success,NGN,NG
2997,abandoned,NGN,null
2998,success,NGN,NG
2999,success,USD,GB
3000,reversed,NGN,NG
3001,success,NGN,NG
3002,abandoned,NGN,null
3003,abandoned,NGN,null
3004,success,NGN,NG
3005,abandoned,NGN,null
3006,abandoned,NGN,NG
3007,success,NGN,NG
3008,success,NGN,NG
3009,abandoned,NGN,null
3010,success,NGN,NG
3011,failed,USD,US
3012,reversed,NGN,NG
3013,abandoned,NGN,null
3014,failed,USD,US
3015,abandoned,NGN,null
3016,success,NGN,NG
3017,abandoned,USD,null
3018,abandoned,NGN,null
3019,success,NGN,NG
3020,abandoned,NGN,null
3021,success,NGN,NG
3022,abandoned,NGN,null
3023,abandoned,NGN,null
3024,success,NGN,NG
3025,abandoned,NGN,NG
3026,success,NGN,NG
3027,reversed,NGN,NG
3028,abandoned,NGN,null
3029,success,NGN,NG
3030,abandoned,NGN,null
3031,abandoned,NGN,null
3032,success,NGN,NG
3033,abandoned,NGN,null
3034,abandoned,NGN,null
3035,abandoned,NGN,null
3036,success,NGN,NG
3037,success,NGN,NG
3038,abandoned,NGN,null
3039,success,NGN,NG
3040,abandoned,USD,null
3041,success,NGN,NG
3042,success,NGN,NG
3043,success,NGN,NG
3044,success,NGN,NG
3045,success,NGN,NG
3046,abandoned,NGN,null
3047,success,NGN,NG
3048,abandoned,NGN,null
3049,success,NGN,NG
3050,success,NGN,NG
3051,failed,NGN,NG
3052,success,NGN,NG
3053,success,NGN,NG
3054,abandoned,NGN,null
3055,abandoned,NGN,null
3056,success,NGN,NG
3057,abandoned,NGN,null
3058,abandoned,NGN,null
3059,abandoned,USD,null
3060,abandoned,USD,null
3061,abandoned,NGN,null
3062,abandoned,USD,null
3063,success,USD,US
3064,abandoned,NGN,null
3065,success,NGN,NG
3066,success,NGN,NG
3067,abandoned,NGN,null
3068,success,NGN,NG
3069,success,NGN,NG
3070,abandoned,NGN,null
3071,success,NGN,GB
3072,abandoned,NGN,null
3073,failed,NGN,NG
3074,abandoned,NGN,NG
3075,abandoned,NGN,null
3076,abandoned,NGN,null
3077,abandoned,NGN,null
3078,success,NGN,NG
3079,success,NGN,NG
3080,success,NGN,NG
3081,abandoned,USD,null
3082,success,NGN,NG
3083,failed,NGN,US
3084,abandoned,NGN,NG
3085,abandoned,NGN,null
3086,abandoned,NGN,null
3087,failed,USD,CA
3088,success,NGN,NG
3089,success,NGN,NG
3090,success,NGN,NG
3091,success,NGN,NG
3092,abandoned,NGN,null
3093,abandoned,USD,null
3094,abandoned,NGN,null
3095,failed,USD,US
3096,failed,NGN,NG
3097,abandoned,USD,null
3098,abandoned,USD,US
3099,abandoned,NGN,null
3100,abandoned,NGN,NG
3101,success,NGN,NG
3102,success,NGN,NG
3103,abandoned,USD,null
3104,success,NGN,NG
3105,success,NGN,NG
3106,abandoned,NGN,NG
3107,success,NGN,NG
3108,abandoned,NGN,null
3109,abandoned,NGN,null
3110,failed,NGN,NG
3111,abandoned,NGN,null
3112,abandoned,NGN,null
3113,success,NGN,NG
3114,abandoned,NGN,NG
3115,success,NGN,NG
3116,success,NGN,NG
3117,abandoned,NGN,null
3118,success,NGN,NG
3119,success,NGN,NG
3120,abandoned,USD,null
3121,abandoned,NGN,null
3122,success,NGN,GB
3123,success,NGN,NG
3124,success,NGN,NG
3125,success,NGN,NG
3126,abandoned,NGN,null
3127,success,NGN,NG
3128,success,USD,US
3129,abandoned,NGN,null
3130,success,NGN,NG
3131,abandoned,NGN,null
3132,abandoned,NGN,null
3133,abandoned,USD,null
3134,success,USD,
3135,failed,NGN,US
3136,success,NGN,NG
3137,abandoned,NGN,null
3138,success,NGN,NG
3139,success,NGN,NG
3140,abandoned,NGN,null
3141,failed,NGN,NG
3142,abandoned,NGN,null
3143,failed,NGN,NG
3144,success,NGN,NG
3145,success,NGN,NG
3146,abandoned,NGN,null
3147,success,NGN,NG
3148,success,NGN,NG
3149,success,NGN,NG
3150,success,NGN,NG
3151,abandoned,NGN,null
3152,abandoned,NGN,null
3153,abandoned,NGN,null
3154,success,NGN,NG
3155,abandoned,NGN,null
3156,abandoned,USD,null
3157,success,NGN,NG
3158,abandoned,NGN,NG
3159,abandoned,USD,US
3160,failed,NGN,NG
3161,abandoned,NGN,null
3162,success,NGN,NG
3163,success,NGN,NG
3164,abandoned,NGN,null
3165,success,NGN,NG
3166,abandoned,NGN,null
3167,success,USD,IE
3168,abandoned,NGN,null
3169,failed,NGN,NG
3170,abandoned,NGN,NG
3171,success,NGN,NG
3172,abandoned,NGN,null
3173,failed,NGN,NG
3174,abandoned,NGN,null
3175,abandoned,USD,null
3176,success,NGN,NG
3177,abandoned,NGN,null
3178,abandoned,NGN,null
3179,abandoned,NGN,null
3180,failed,NGN,NG
3181,success,NGN,NG
3182,success,NGN,NG
3183,success,NGN,NG
3184,abandoned,USD,null
3185,abandoned,NGN,null
3186,abandoned,NGN,null
3187,abandoned,NGN,null
3188,success,NGN,NG
3189,failed,USD,US
3190,failed,NGN,NG
3191,abandoned,NGN,null
3192,success,NGN,NG
3193,failed,NGN,NG
3194,abandoned,USD,null
3195,abandoned,NGN,null
3196,failed,NGN,AU
3197,abandoned,NGN,null
3198,abandoned,USD,null
3199,success,NGN,NG
3200,success,NGN,NG
3201,success,NGN,NG
3202,failed,USD,NG
3203,abandoned,NGN,null
3204,failed,NGN,NG
3205,abandoned,NGN,null
3206,success,NGN,NG
3207,abandoned,NGN,NG
3208,success,USD,GB
3209,abandoned,NGN,null
3210,abandoned,NGN,null
3211,abandoned,USD,null
3212,abandoned,NGN,null
3213,success,NGN,NG
3214,abandoned,NGN,null
3215,abandoned,NGN,null
3216,abandoned,NGN,null
3217,failed,USD,US
3218,abandoned,NGN,null
3219,abandoned,NGN,null
3220,success,NGN,NG
3221,abandoned,USD,null
3222,success,NGN,NG
3223,abandoned,NGN,null
3224,abandoned,NGN,null
3225,abandoned,NGN,null
3226,success,NGN,NG
3227,abandoned,NGN,null
3228,failed,NGN,NG
3229,abandoned,NGN,null
3230,abandoned,NGN,NG
3231,success,NGN,NG
3232,abandoned,NGN,null
3233,success,NGN,NG
3234,success,NGN,NG
3235,abandoned,NGN,null
3236,abandoned,NGN,null
3237,abandoned,NGN,null
3238,abandoned,NGN,null
3239,success,NGN,NG
3240,success,NGN,NG
3241,failed,NGN,GB
3242,success,NGN,NG
3243,abandoned,USD,IT
3244,abandoned,USD,null
3245,abandoned,NGN,null
3246,abandoned,NGN,null
3247,abandoned,USD,null
3248,success,NGN,NG
3249,abandoned,NGN,NG
3250,failed,NGN,US
3251,abandoned,NGN,null
3252,success,USD,GB
3253,abandoned,NGN,null
3254,abandoned,NGN,null
3255,success,NGN,US
3256,abandoned,NGN,NG
3257,failed,NGN,NG
3258,abandoned,NGN,null
3259,failed,USD,NG
3260,abandoned,NGN,null
3261,failed,NGN,NG
3262,abandoned,NGN,null
3263,failed,USD,US
3264,abandoned,NGN,null
3265,success,USD,GB
3266,abandoned,USD,null
3267,success,USD,US
3268,success,NGN,NG
3269,abandoned,NGN,null
3270,abandoned,NGN,null
3271,abandoned,USD,FR
3272,abandoned,NGN,null
3273,abandoned,NGN,NG
3274,abandoned,NGN,null
3275,abandoned,USD,null
3276,success,NGN,NG